Workbook

Sheet Data
A1: project_id | B1: charity | C1: description | D1: term | E1: cost_cap_1_it | F1: requires_full | G1: min_amount | H1: depends_on | I1: max_no | J1: edu | K1: comm | L1: health | M1: total_weight
A2: 1 | B2: JMDM | C2: Fix/replace/buy more instruments | D2: LongTerm | E2: 15000 | F2: 0 | G2: 10000 | I2: 1 | J2: 10 | K2: 5 | L2: 5 | M2: =SUMPRODUCT(J2:L2,Weights!$B$2:$D$2) -> 16
A3: 2 | B3: JMDM | C3: End of season concert | D3: AdHoc | E3: 3000 | F3: 1 | G3: =IF(F3 = 0, 0, E3) -> 3000 | I3: 2 | J3: 3 | K3: 5 | L3: 2 | M3: =SUMPRODUCT(J3:L3,Weights!$B$2:$D$2) -> 6.6
A4: 3 | B4: JMDM | C4: Addition recording studio equipment | D4: LongTerm | E4: 8000 | F4: 1 | G4: =IF(F4 = 0, 0, E4) -> 8000 | H4: 1 | I4: 1 | J4: 4 | K4: 2 | L4: 3 | M4: =SUMPRODUCT(J4:L4,Weights!$B$2:$D$2) -> 7.2
A5: 4 | B5: JMDM | C5: Hire intern music teacher (summer) | D5: LongTerm | E5: 5000 | F5: 1 | G5: =IF(F5 = 0, 0, E5) -> 5000 | H5: 1 | I5: 1 | J5: 5 | K5: 2 | L5: 3 | M5: =SUMPRODUCT(J5:L5,Weights!$B$2:$D$2) -> 8.2
A6: 5 | B6: JMDM | C6: Hire music teacher (summer) | D6: LongTerm | E6: 10000 | F6: 1 | G6: 10000 | H6: 1 | I6: 1 | J6: 7 | K6: 2 | L6: 3 | M6: =SUMPRODUCT(J6:L6,Weights!$B$2:$D$2) -> 10.2
A7: 6 | B7: JMDM | C7: Renovations of common space (painting & small repairs) | D7: LongTerm | E7: 2000 | F7: 1 | G7: =IF(F7 = 0, 0, E7) -> 2000 | I7: 1 | J7: 1 | K7: 2 | L7: 2 | M7: =SUMPRODUCT(J7:L7,Weights!$B$2:$D$2) -> 3.4
A8: 7 | B8: JMDM | C8: Renovations of music space (painting & small repairs) | D8: LongTerm | E8: 2000 | F8: 1 | G8: =IF(F8 = 0, 0, E8) -> 2000 | I8: 1 | J8: 1 | K8: 2 | L8: 2 | M8: =SUMPRODUCT(J8:L8,Weights!$B$2:$D$2) -> 3.4
A9: 8 | B9: JMDM | C9: Expand after‑school ensemble program | D9: LongTerm | E9: 6000 | F9: 1 | G9: 6000 | I9: 1 | J9: 7 | K9: 4 | L9: 2 | M9: =SUMPRODUCT(J9:L9,Weights!$B$2:$D$2) -> 10.2
A10: 9 | B10: CSM | C10: Field Trip (zoo/aquarium) | D10: AdHoc | E10: 1000 | F10: 1 | G10: =IF(F10 = 0, 0, E10) -> 1000 | I10: 2 | J10: 1 | K10: 2 | L10: 1 | M10: =SUMPRODUCT(J10:L10,Weights!$B$2:$D$2) -> 2.6
A11: 10 | B11: CSM | C11: Community Garden | D11: AdHoc | E11: 4000 | F11: 0 | G11: 2500 | I11: 1 | J11: 2 | K11: 5 | L11: 3 | M11: =SUMPRODUCT(J11:L11,Weights!$B$3:$D$3) -> 7.8
A12: 11 | B12: CSM | C12: Reward Lunches ("Diners récompenses") | D12: AdHoc | E12: 2000 | F12: 1 | G12: =IF(F12 = 0, 0, E12) -> 2000 | I12: 4 | J12: 3 | K12: 4 | L12: 3 | M12: =SUMPRODUCT(J12:L12,Weights!$B$3:$D$3) -> 7.6
A13: 12 | B13: CSM | C13: Community Sundays ("Dimanches communautaires") | D13: AdHoc | E13: 3000 | F13: 1 | G13: =IF(F13 = 0, 0, E13) -> 3000 | H13: 11 | I13: 4 | J13: 2 | K13: 6 | L13: 3 | M13: =SUMPRODUCT(J13:L13,Weights!$B$3:$D$3) -> 8.8
A14: 13 | B14: CSM | C14: Psychoeducational Intern (4 months) | D14: LongTerm | E14: 5000 | F14: 1 | G14: =IF(F14 = 0, 0, E14) -> 5000 | I14: 1 | J14: 6 | K14: 2 | L14: 4 | M14: =SUMPRODUCT(J14:L14,Weights!$B$3:$D$3) -> 8.4
A15: 14 | B15: CSM | C15: Renovation of new "quiet" space | D15: LongTerm | E15: 3000 | F15: 1 | G15: =IF(F15 = 0, 0, E15) -> 3000 | I15: 1 | J15: 1 | K15: 3 | L15: 5 | M15: =SUMPRODUCT(J15:L15,Weights!$B$3:$D$3) -> 5.8
A16: 15 | B16: CSM | C16: Bike for summer camp | D16: LongTerm | E16: 5000 | F16: 0 | G16: 2500 | I16: 1 | J16: 1 | K16: 5 | L16: 5 | M16: =SUMPRODUCT(J16:L16,Weights!$B$3:$D$3) -> 7.8
A17: 16 | B17: CSM | C17: Nordic skis for outdoor field trip | D17: LongTerm | E17: 2500 | F17: 0 | G17: 1000 | I17: 1 | J17: 1 | K17: 4 | L17: 4 | M17: =SUMPRODUCT(J17:L17,Weights!$B$3:$D$3) -> 6.4
A18: 17 | B18: CSM | C18: Field Trip (nordic skiing) | D18: AdHoc | E18: 1000 | F18: 1 | G18: =IF(F18 = 0, 0, E18) -> 1000 | H18: 16 | I18: 2 | J18: 1 | K18: 2 | L18: 2 | M18: =SUMPRODUCT(J18:L18,Weights!$B$3:$D$3) -> 3.6
A19: 18 | B19: CSM | C19: Family cooking nights | D19: AdHoc | E19: 2000 | F19: 1 | G19: 2000 | H19: 11 | I19: 4 | J19: 1 | K19: 3 | L19: 3 | M19: =SUMPRODUCT(J19:L19,Weights!$B$3:$D$3) -> 5
A20: 19 | B20: CSM | C20: Homework club mentors | D20: LongTerm | E20: 3000 | F20: 1 | G20: =E20 -> 3000 | H20: 13 | I20: 1 | J20: 5 | K20: 1 | L20: 2 | M20: =SUMPRODUCT(J20:L20,Weights!$B$3:$D$3) -> 5.8
A21: 20 | B21: CSM | C21: General outdoor play equipment (other than bikes and skis) | D21: LongTerm | E21: 3000 | F21: 0 | G21: 1000 | I21: 1 | J21: 1 | K21: 2 | L21: 4 | M21: =SUMPRODUCT(J21:L21,Weights!$B$3:$D$3) -> 4.4

Sheet Weights
A1: charity | B1: edu | C1: comm | D1: health
A2: JMDM | B2: 1 | C2: 0.4 | D2: 0.8
A3: CSM | B3: 0.8 | C3: 1 | D3: 0.4

Sheet Dictionary
A1: Column | B1: Description
A2: project_id | B2: Project identifier
A3: charity | B3: Either JMDM (Jeunes Musiciens du Monde) or CSM (Carrefour St-Malo)
A4: Description | B4: Description of the project
A5: term | B5: Either AdHoc (one off event) or LongTerm (investment in material and or people)
A6: cost_cap | B6: Amount of money requested by the charity for 1 iteration of the project (max amount)
A7: requires_full | B7: 1 if enture amount is required for project to exist 0 otherwise
A8: min amount | B8: If full amount is not required, minimum amount to allocate for project to exist, otherwise cost_cap
A9: depends_on | B9: Project can only exist if indicated project also exists
A10: max_no | B10: Maximum number of this type of project that can exist
A11: edu | B11: Evaluation of project according to criteria edu if cost_cap amount is allocated
A12: comm | B12: Evaluation of project according to criteria comm if cost_cap amount is allocated
A13: health | B13: Evaluation of project according to criteria health if cost_cap amount is allocated
